artist,id
[DanMixCamps],0fGUA2a1px9KINuvoKfEoy
7 Lives,3NXzI2w1F6yYv0xpSxG7dL
ABRIL,03Y7b052UIpHzLh20y1J8F
AERION,3ONJslubFYACxBOfARhq0p
Aethoryon,1ykB6gtRXikFjJDvY2PvfB
Alex Gramm,1ICbyJKZtp4OC2JEZgMqA4
Animestyle,3J9u8ijFcaBhqrrwxgBcdx
Anne Bloom,4IdKBDrSY8tmG6bp5m9oog
Apex Shift XRT,3mpgRjgTXVKUMGzRqAxMNX
Ascenda Luna,5LjNdnsf2I0EW1NFmHDXYZ
Ashborn Records,47A2ZRxdHXMqclXdEDW8Kr
AuraLithy,6E8l1pX3V2XqhqkiWHHeQ3
Auralyn RX,1eaoSAuSatTdTACWW5WmvK
Avenue Lights,6obb2GsfbBE8ly8daytjRA
AXELYS RT,3tY6Dt0664rfWLiYBifdLX
Axioms 0101,5a9rv3A8B26nyaCwb3Ya82
Axion Pulsegrid,4VnJoCFbjKjsLmr7Efk1EZ
Azua millones,741m8mxkxquPmGPzDZmQb5
Azura Dream,4K1LPCqMv9vD7wLLRIEiyh
Benetti House Bar,2g3XoKBDF3xPN5S68Rl0gR
BriClintTomaHouseGroov,3V4vg9sZyReoKe3BnJoNGp
Buster Blanco,7iTzwiGI1gfS7uCUbLxkdj
Chimbi Music,0CMhu1ShUEL72LYJjhsNrM
Crimsoneyes,3FQLu7BMryxg6WbxR9OiD7
D-Nox,0T4zacZdqcJOZqF7bjZ8M7
dasATeam158,4PbGMQMhwZ4Byx6rA0FN2Z
Dave Sandler,77F30M1i1P79393si7s93V
Decksonic Rhythmwave,0gubEcOXDS3dUPlKudY2FP
Dennis de Wit,625rO6hy6Q9IXfJD9t5Vs5
Derek Stonewall Majesty,7D310KPvo38A9d0twL40r5
Diego Torres dj,3JwrCOoe4hYpyjECKJIHEI
Dim Memories,22L64KqrIbzg7DUnv6gjUL
Dinastry,1ODl84Pfv4CNZAtPvGiUWr
dj achi,4elUhdkjCrSvMgyH98rTLm
Dj Dante,0hlYB6pf4kYwwU8DdF7o4i
DJ ECLYPS,0m4y8Pim1C6KxFaaPvAkvs
DJ Energy,0qCHQHBu3dzZuJCUF2M8Jv
DJ Heinz,5CR8asvA4yg00eSOxAPuYk
DJ NEON KHAN,5p6KDMIGpAFWrU5DGrgD71
DJ Neura,2DmZ8rYhg04geVBjPBkUY8
DJ NID,1EdVMzUOAakXG4bueXgzFP
DJ Ravion,1qQIPTH2ltqydzUKft9ke9
DJ Solar GrooveEcho,3eXvLYMjqyLp8JIVF2ZE3v
Dj Turbo Motix,6fb8gdvCiEGki8xmTyR2ZI
DJ Varkhond,62GFkC2TkB9oV5ZoEoYnPH
DJ VEYLOR,5VmmxSoFXnLYDpWZ3ZL339
DollWave,3Irbs3dopVKhMb8Dl3m6Yt
DracaufeuTripleEvolution,6dGKxSH1vdc5WtwJ5LG9AR
Driftwood,6OrG0mek0r7YBYFmHenpMK
DXWILLX,1xZDYQGiMXYoB684gknnmC
Eang Hokage,0Ng4RYIWtXJe0t2u5ffRKK
EchoChris Housewave,7CTDbjDaSkVv4HVhjBdpnp
Electrohead66673,17JtkU3RbElrAeBdhOTsZI
FiruX,65a72qjza7Q0wkxK0xxgzz
GabriPhiloHouseGroove,0kJTs2qPMjXfTdseNMZUkh
GateRiver G.,1OOAdGX0t4vVkP3OtbQFkG
Gladiator,6BrXZmPuHwQAuR5Hmx4n8I
gravestone.k,2FudQ2pAIW0yTepeUSJKRv
GrooveMaster DanMack,4M2LVTNIAaFGFkhRirEp9u
GrooveMasterAJ,74PcVfbCickwDoBlLGekkX
GYM HARDSTYLEZ,6vtuPj44Q7xhHfgg3Yv28O
HamilZ,4G2IYsDBu9Y5svU76Mx6Ua
HAYANII,2LauCPWZHsuZp6CvJTjsVs
HXZRD,2TlriYnYDv2Jr1uCxaJmMt
Il Nano Rosso,4Tw1jUUMydUhj2F2pcIFUa
Ionframe Device,4TwaHhVO74j2bFiPjsC6yW
Isabella White,3Z9Ul0347DLZhunS1lUF3T
Italo Bios,2TqGQ8wXDx9pLn1CpxddUX
JaggaBootz,64GSLZgYIKoWDQdfEPNhZA
Jaro Kvarin,1847DWjE1gyWeIrCwrdCuJ
JavixGroove.mjju,2Gv5WzyQmGEztO9qfWC3Dr
JayFranco HouseBeats,1YBI262Z1WEnrsy9NEBlMs
JAYSONIC HOUSELAB,42WjQzi4Es3rLKRYqqsvDP
JCFuentes,2qkA27I2rMLFwopiwEBM5a
Jeremia Produce,14Jdd2xK09e2yw7Cdr2WO3
Jewel Willms,78hF4oMNWTf3zs5DTPZEPI
Jhon Plazas,3JXWItkAZC8vpeO2eGG1qC
JIMM TKM,28vj5xbShdIy3PcSPES0U5
JINUL FALLS,4Ig0SsW6XL7jSnZViaoius
JLP.MUSIC,22cFWhugs45W025rtolaNk
JMSoundhouseGroove,5YJm4Urw8MXSpnxnLQm9Hw
Johansson Samir,1ee7p1oZBD701b0tWwTcOH
José Ignácio,3PKTRaSuYgXOZJSjhJmgzG
Judgee,7DncdWJ1uatbne1pNgKtzw
JUNGI,063Xvy4G4BiftSFn3PKFbM
K.M. HouseMixer,7938a2XQcEN49kz2Lim3Pj
Kaelion45,6yeq5Zr1Svgy06i0BK9Wm6
Kagiva,2pPLmvnvalpYe5AY4Kr1nU
Karma Café,5PN1Hr9C7v4doFNlOY4PUT
KendryLoops,1LzyOjWeHSBZ2po44k6QnT
Kiddo Produce,3dUhtXmjikeYpLsSYJNrgO
Kill The Piano,0wQimqCCGmQ1oOkoFZ0iOl
KorgStyle Life,03Eynn06LC8TpxPzuzqPnc
KRYVOK TC,3rrjumfEQI0jZFP8ruEQCV
KRYZ,42MIylwgh0CDOvWdlIdwtO
Ktunes,42izCQI4qVwEfwSUYmWovK
LCM Studio,15meOXeN0kmtLdGWA4VLxE
LIMBERT ROCK,5u5j98G5LheRU1xi1kcsdF
Loriana Pepe,63Vuhmt0o63eXPfdY5REPp
Low Tide Signals,0yLzIVCnk8YeBE8UikbhFG
Lunar Shift,6S9bbkKJ10HxJAHYoZyt8F
Lunariae,1UZ9yhGLXbX5kWeKb6I10u
Maki On Moon,3oFMryfScqS145py9hQGpR
MALAYA RTS,0TQkkhshNVR4PaFXt8IOvK
Mari Sosa,04RUdS9sBkkrN4VBUBHsZy
MarkHouseMasterBeat,5Y0d4XOaCysAccxJ8FGktk
Markus Vibe Smith,5MGw2o2zHzogvbODupDOt8
MARQUEZ STEVENISTA,16ep5Dfgu6yvMUzlzshmLZ
Marvix Housebeat,3gWuQQzYVl85Np9xNtDPjy
MATT -C-A-I-,53i8ySQzRmROfyjpjawK7k
MattHousebeatz,3JMjtmi9NZmO9N01Amjby8
MattyBeatsElectroHaus,0VmviSj7nD4n1s9fpTBBoi
Mic J-Morgan-Music,7pnzDuZ4ySiCd0AY8OsEpL
Miguel Marc Morris,5RjQFekKAUDPtiFqxX3tZP
Mike Andrew Fox,0zk5KJwfO9aGP211CmylAM
Mike Housegroove,5yBLydeyFHS8Cqx7PopFGG
Mikey T. HouseCat GrooveMelodics,1q17UIsWN2b8nVcP6t7wi5
MiuMiu 92,7cjzFeqtsv3CrFSRE1PQsT
MIXMASTER ELECTROSYNC,5vWbrd1KHzmy6xJYtdpeXA
Moebius FM,5ocd69uQVtI0FXBVOFXSez
monset,3QxCXoPX5cHjCQevqdSqhn
Moondrift,7LqTISVSI3ggi6zYHgnTMX
MØRKE 404,0pHODDhKxDp399OAye0vzn
mp3man,6EGZc0j4Ix6etn2wYLuZtI
MysticHouseMann,0HWVpBW0H4whHFTSG0Pw3r
N8Br3ttSoundMixer,6jSVglfYIiSdMDO9uWVoiJ
NARCISA RS,1LywnuG7agqRx5I7QVoLao
NatelectroGroove,3Xdk1lyRi6jHSKBRBglSWP
NEON RT DRIFT,5sLJLu3a2VWaFCQC9vIYug
Neon Void,1zACwnnSByL5BI2QAxjMuL
NeonPulseWave,17lacMF9HneyGuTyXrnwDp
NEUROKØDE,45PeiP4VfoGQqTcbBsIuiq
NicChrElectronicBeats,7HrsVmYRwSsAjbb36cLGHE
Nicksonic Beatmaster,6rPQt9nyfUhvsUY9pzh2AH
Nik Soda,5cKLgqo9RcYTWPmr5WwfPf
Nink Hause,5rHO6didoeIv4jdvQmHXY0
Nordic Wave,15raYQvtrFNaEQvzPIIHdr
Nytheron RG,5UMeXrz1bDVXwbHnMJi8Uh
NYXIS TECS,2fTAVevHLzemJnvxRYlEbX
OBEY THE PULSE,0QjTSzyBGfotjuK8cuXMML
oExonus,0Tgq4mcQ91W9te5CXE2HsQ
OJAY Wrenz Music™,3aIL8SbhnFamKRgNW6i1CC
Pacific Vice,2lylNePmQ8GNLXRimKjju1
Penelope Cru,65n4AZF9aELUsMoMPmi5uD
Peter Dinh,3GX9gHeCczJrU8U3GnPWXT
Phildouglas Electronico,6e33tI0oMt2enzzl3AOwl8
Phili Alec Groover,32DBBsdu3YaghvV0096zDj
Phýkho Shalborré,0XoZF2UFBvpWCEjS3DUmlm
POIDY RS,0syWeIiNtxqlKs2DNLlmMo
PUMARULAR,5sVtg62momK6sBl7rbDoaw
RaffetyProd,3NjWlpBoBOstiSO5BO3jLj
RandySc0ttElectroMix,2TcDviY4k8QElqjegk8ItS
RanJarRockMaker,2xWXKvKDBtSJNcc61WggLA
Raphoric,3HkDUUs7is1TLtrcVuCFvG
REZQ,30joQL2OVrl8QCJEobpCw8
Ristek foam,4jmlxamDoyBifuTx1CPQau
RitmoWillElectroHouse,2fNfghpm2oW0mFHbgW85VA
RJT Beatlab Surge,7A9wq7Aqnmy79imMtOIz8a
RobJac Beatsmith,3jQFdqAWwmRjN1Q5dwyQMT
RydaniXulse,4MC9cpUMrbKcsBqymdLeQD
Ryjaxa Housegroove,2RlYIOwPTPDQXxcDgxGMu4
Soundwave Synthroid,0xL2dPlT3Rc875wybUKvY0
Stv_Jms_Daniels_Odyssem,1VvOegyAVFi6DO2Jl5QfWH
Summer Nights,7AlsJSTd4yTENRda2DHbl9
SYLVAX X,6tUOzkokTzyElkJoQQsop9
Synthwave Rider,2JcrsFmwuuh9pe1BqfSmRY
SynthWave Voyager,2aWruzC39JGso0CvQZggD7
SynthwaveSoulAnimator,4ggrci9eIKv4IAnByhunDj
Tanzmaus,0ZLTqsX5IR3j1LjbTbKOui
Taurus Strike Pattern,30kcWs3xyicXlh69pZOTSu
Techo T.R. Shortgroove,6oiuEiDNoS5TaKLh3tc5kM
TGRythmicGroover,2srxXX6uROUkvrswRBfJV0
The End of Electronics,0r5L0sYEYV2cCNIzhetV7K
The Pirx,3o6wJqVxTuXPHkmLaBOg7I
The Saint Rebels,3JMiZ2l9sbtCqB6EdmuzZb
The Tineo Bf,0IGH0WO7i43PEXCpV6yVK1
TibFUNK,20nj5BfhgTye89jtMdhQrW
Timmy M. Funkhouse,77O9fZt9BEvZtQWFAX01uy
Tommy Waveform,41wXwqnRHpf9y5MyfaS42Z
Translucent Mind,7cglpF4FB9U9z0NB4CNWUh
Troyesonics Beatznova,2TeZHLCEjlmTHnRZL0i2sB
VantyX,6S8fbGDAixYflEInNHLIJl
Vaporian,6TxyYrko4lslqpZw4PPeSI
Veldt & Vine,54WRS7piDnKeIptWFox8cD
Vexalyn KTM,3ZuGqbtSMC7qmmojuKZNI3
VicTonic Beatsmith,54iG9VeISXFPDKo9jRoRj9
"VoltageWave IvoryGem,",4FFv9rgeBYxzThJNrio2VK
VOLUNA,5hqQpq7DIxBASMU5N9YWzf
vomit shower,2BIpogaFW2c5nEis8utu40
WairD8,2zHZHrnWd6dw4mnXbEVxgG
Weirdo,149jgcp3jkDQumLJDGqFCv
WilsonBert,16dDnk2EVUrinBQqhSc21v
YALUMIS,7pKSTDmmOvfOA456JD9LPq
yanlook,5Ma3Qcr9whFb9OPHwBmeAc
ZacHouseGroove,2CBjCVJZWA8MTYuhL5aKZv
ZAENTH PF,71jgIKzLgMTCARVZO1I3Fy
Zainab Schmidt,41LacJlqtZz9h1A6jJMdHN
Zidov,0JAcYfXSFLTBVHp3VnY8jE
Zkpprod,5hSO50lg4vjZ78yKRiHtXw
ZORIK,7wKnsioeXpjsAlWSO00A88
